"","Brant County Health Unit","Chatham-Kent Health Unit","City of Hamilton Health Unit","City of Ottawa Health Unit","Durham Regional Health Unit","Grey Bruce Health Unit","Haldimand-Norfolk Health Unit","Haliburton, Kawartha, Pine Ridge District Health Unit","Halton Regional Health Unit","Hastings and Prince Edward Counties Health Unit","Huron County Health Unit","Kingston, Frontenac and Lennox and Addington Health Unit","Lambton Health Unit","Leeds, Grenville and Lanark District Health Unit","Middlesex-London Health Unit","Niagara Regional Area Health Unit","North Bay Parry Sound District Health Unit","Northwestern Health Unit","Peel Public Health","Perth District Health Unit","Peterborough Public Health","Porcupine Health Unit","Renfrew County and District Health Unit","Simcoe Muskoka District Health Unit","Southwestern Public Health","Sudbury and District Health Unit","The District of Algoma Health Unit","The Eastern Ontario Health Unit","Thunder Bay District Health Unit","Timiskaming Health Unit","Toronto Public Health","Waterloo Health Unit","Wellington-Dufferin-Guelph Health Unit","Windsor-Essex County Health Unit","York Regional Health Unit"
"2019-09-23",6.154,8.38,4.588,3.835,3.022,13.211,2.273,11.794,4.904,9.357,0,7.75,9.442,7.538,5.316,4.908,11.824,9.804,4.315,0,6.048,8.201,7.692,6.642,8.091,5.471,13.043,8.497,6.417,9.091,4.771,4.912,4.124,3.872,5.743
"2019-09-24",6.987,6.977,5.93,3.277,5,10.586,4.082,6.745,3.429,11.642,0,9.524,9.914,4.43,7.231,7.484,10.508,6.573,3.22,0,7.393,8.38,10.667,6.414,6.803,8.71,9.215,6.419,5.638,10.569,4.864,2.128,4.659,2.057,3.878
"2019-09-25",7.658,8.876,4.569,3.687,3.269,8.571,7.317,6.25,2.767,7.273,0,8.377,10.046,8.805,5.951,4.569,8.333,8.434,4.735,0,5.357,13.016,10.274,7.671,8.467,5.98,11.348,9.938,7.407,14,3.73,4.167,5.185,4.67,3.967
"2019-09-26",7.576,4.734,5.274,3.092,2.332,11.034,4.255,6.284,3.571,8.696,0,8.504,8.696,7.477,6.713,6.688,11.583,7.609,4.553,0,5.702,9.706,12.5,8.333,10.123,7.241,10.277,8.418,9.174,11.765,3.565,3.469,4.049,3.636,3.471
"2019-09-27",7.018,5.65,4.005,3.676,4.769,8.877,6.25,5.587,3.393,8.591,0,9.509,6.512,5.678,6.571,7.17,6.92,6.202,4.37,0,4.301,12.773,11.644,6.416,6.699,6.62,8.365,7.299,7.921,11.765,3.881,3.785,4.833,3.817,2.909
"2019-09-28",9.896,13.772,6.358,4.822,5.155,12.689,11.864,6.78,3.766,6.826,0,8.257,11.454,5.965,6.022,7.531,11.737,7.317,5.096,0,8.796,17.937,10.37,7.704,14.943,3.774,5.639,7.092,7.241,8.537,3.963,7.143,5.469,4.696,5.301
"2019-09-29",7.732,16.393,5.895,4.723,5.865,13.736,6.818,8.497,5.078,10.672,0,8.117,12.919,9.524,6.222,7.979,16.601,9.048,5.253,0,8.936,10.569,12.605,8.696,10.283,7.554,9.633,6.96,7.012,7.692,5.892,4.339,7.115,3.753,5.481
"2019-09-30",8.621,8.889,4.51,3.846,3.608,11.801,7.692,10.933,3.94,8.383,0,9.92,8.072,7.375,4.924,8.192,10.284,10.044,4.306,0,5.085,10.264,9.934,4.885,8.121,7.08,10.714,6.164,9.231,20.513,5.199,4.137,3.367,3.234,4.913
"2019-10-01",5.485,10.588,4.009,4.639,3.521,14.628,7.317,8.309,3.03,8.911,0,8.971,9.362,3.974,5.128,6.667,11.261,6.466,4.252,0,4.641,9.302,7.031,7.984,10.758,2.614,8.727,5.639,5.042,13.636,3.962,4.469,4.706,3.053,4.218
"2019-10-02",5.189,6.358,5.703,2.703,3.145,13.44,13.333,7.965,4.318,7.407,0,11.59,7.456,4.651,5.121,5.307,9.615,7.925,3.953,0,8.482,8.75,11.842,6.122,8.831,8.176,12.355,7.372,5.307,13.208,4.744,2.887,4.059,4.509,3.663
"2019-10-03",7.759,11.494,3.118,3.695,3.918,13.302,2.222,6.534,5.882,10.272,0,9.524,12.037,7.622,6.476,6.593,9.426,5.578,4.67,0,4.902,11.706,8.904,5.301,8.031,6.835,9.894,5.535,7.625,10.714,4.451,5.51,3.347,4.749,5.005
"2019-10-04",8.995,5.442,4.866,3.616,4.589,12.53,5,8.75,2.575,3.654,0,7.895,10.526,7.453,5.271,5.695,8.108,7.5,3.393,0,8.257,10.272,9.615,7.852,7.767,8.633,10.638,6.122,8.1,17.857,4.405,3.942,4.292,4.521,3.974
"2019-10-05",7.609,11.392,6.901,5.226,3.268,14.493,7.692,9.966,3.037,10.39,0,6.92,11.168,7.616,6.376,9.797,10.945,7.522,5,0,8.5,10.938,8.738,9.531,13.272,8.614,10.833,8.333,6.169,18.519,5.855,6.531,3.782,3.218,4.281
"2019-10-06",11.5,8,6.336,5.681,3.079,14.684,4,13.084,3.353,8.306,0,6.469,16.17,13.953,6.724,9.074,6.637,6.557,5.495,0,10.048,9.554,12.5,9.191,10,3.831,12.84,6.522,9.038,18.605,5.651,6.324,5.948,6.75,6.129
"2019-10-07",9.483,6.878,4.167,3.959,4.223,14.159,12.245,12.533,4.579,8,0,8.293,13.793,5.974,6.369,6.818,6.303,7.018,4.643,0,8.907,11.111,7.317,7.024,10.07,6.667,7.194,7.602,6.17,11.458,5.162,4.647,2.789,4.878,3.445
"2019-10-08",8.811,7.143,4.467,3.466,5.556,11.677,6.061,6.319,3.516,9.03,0,9.302,11.211,5.367,5.925,4.73,6.726,7.983,4.32,0,4.444,11.111,11.184,6.201,7.969,5.573,13.357,7.904,4.439,21.739,4.892,4.511,2.214,4.416,5.044
"2019-10-09",9.005,5.488,4.526,3.041,3.279,11.876,9.524,8.357,4.852,8.042,0,9.091,10.138,7.31,5.607,6.633,7.111,4.603,4.048,0,6.787,12.607,10.857,8.545,8.052,5.975,10.989,8.464,7.2,14.141,5.02,6.31,5.303,4.986,4.176
"2019-10-10",10.05,6.395,3.996,4.143,3.748,13.825,4.762,7.576,4.202,8.711,0,8.815,9.223,8.28,6.103,6.145,8,8.943,4.24,0,4.054,10.759,10.738,5.348,6.685,7.372,8.203,6.774,6.15,26.19,4.707,4.389,4.367,2.989,4.376
"2019-10-11",13.023,9.259,4.927,4.308,3.918,12.815,5.357,9.116,4.008,8.054,0,8.914,9.906,9.091,5.985,5.448,6.579,10.236,4.885,0,7.732,10.826,11.765,6.483,8.649,7.895,13.091,5.128,5.491,10,5.284,5.019,6.809,5.263,4.035
"2019-10-12",7.101,10.127,4.982,4.64,6.396,15.152,6,9.441,5.096,9.609,0,9.615,15.493,9.556,9.105,10.036,10.638,6.019,5.561,0,8.261,15.018,12.782,8.542,16.514,8.681,11.864,12.351,6.885,17.333,6.255,6.957,8.368,6.128,5.198
"2019-10-13",18.135,9.259,6.69,5.307,8.75,14.417,8.824,11.785,6.769,14,0,9.718,11.22,12.04,7.515,7.925,9.091,7.772,6.476,0,7.111,14.122,6.716,10.935,9.189,10.943,12.903,9.556,7.643,13.75,6.81,7.44,8.257,6.383,6.783
"2019-10-14",14.783,12.105,8.98,7.804,6.806,18.768,15,12.5,7.736,10.932,0,11.573,15.657,14.103,11.912,8.787,13.084,6.28,7.795,0,11.454,11.027,13.433,8.201,14.806,10.377,17.308,14.717,12.923,14.433,7.527,9.829,5.859,5.882,6.848
"2019-10-15",13.525,9.392,6.667,4.409,5.939,14.113,4.412,7.507,4.323,10.086,0,9.259,10.092,12.272,6.362,6.644,10.256,10.196,5.246,0,7.347,14.164,5.769,9.416,9.501,9.763,11.268,8.163,9.973,13.158,5.398,5.333,2.963,2.799,4.985
"2019-10-16",7.589,12.941,5.263,4.696,2.832,12.848,4.878,8.621,3.233,9.122,0,8.02,14.428,7.349,6.322,6.803,11.504,11.872,4.478,0,9.589,10.541,12.658,8.99,10,3.136,11.842,7.143,5.152,17.117,4.694,4.095,4.292,4.076,5.402
"2019-10-17",10.582,10.526,5.945,3.469,3.968,15.404,2.703,8.889,4.662,7.767,0,8.54,11.005,9.384,5.947,7.624,8.955,7.018,4.36,0,5.556,10.606,9.155,6.987,10.831,5.806,10.265,5.622,7.396,11.111,4.593,5.761,3.968,4.494,4.982
"2019-10-18",10.294,11.111,5.386,3.828,4.206,15.865,9.524,8.721,5.87,8.392,0,9.066,8,9.309,6.301,7.468,9.906,11.111,5.187,0,8.333,12.838,7.031,6.525,7.353,6.667,10.078,6.498,6.59,6.931,4.979,5.051,4.8,3.476,4.586
"2019-10-19",15.459,9.929,5.811,6.659,2.931,13.01,17.5,10.979,5.652,11.388,0,8.309,10.909,9.772,6.04,8.26,6.704,6.316,4.914,0,8.879,10.127,6.818,6.457,11.45,7.746,11.017,5.426,11.765,14.103,5.164,4.435,7.111,4.204,4.447
"2019-10-20",11.261,12.575,7.835,5.042,4.68,16.26,10.87,10.185,5.417,9.278,0,5.573,15.247,12.704,8.141,12.414,7.246,8.612,4.876,0,8.676,11.069,8.276,7.613,13.433,7.877,13.248,8.929,9.846,15.73,6.654,6.627,4.428,4.839,5.165
"2019-10-21",4.641,10.056,4.681,4.984,4.058,14.128,2.778,11.055,2.616,8.986,0,11.406,8.936,10.169,5.976,9.226,8.145,13.274,4.974,0,8.163,11.141,7.568,9.643,8.263,8.791,11.439,6.563,7.572,15.686,5.058,2.724,5.882,4.067,4.309
"2019-10-22",4.587,10.494,5.206,4.94,4,12.86,5.405,11.173,6.838,13.505,0,8.602,10.185,10.29,5.172,7.368,10.3,7.407,5.035,0,3.913,11.573,10.244,7.961,11.982,5.31,10.687,7.168,7.123,17.172,4.506,4.26,4.724,6.122,6.323
"2019-10-23",8.756,11.976,4.479,4.121,2.672,17.528,9.756,11.628,5.163,6.803,0,7.649,11.594,11.295,6.495,7.734,11.31,8.182,3.524,0,4.977,11.89,5.333,8.056,11.196,7.645,10.442,6.734,4.05,12.844,4.874,4.219,5.534,3.152,4.425
"2019-10-24",9.302,8.475,4.881,5.005,4.32,12.941,7.273,9.697,5.323,6.522,0,7.874,11.579,7.375,7.386,7.388,12.093,7.203,3.829,0,7.373,8.411,9.589,7.275,11.667,4.732,9.091,6.714,5.848,11.818,4.475,2.553,6.276,3.614,5.475
"2019-10-25",9.551,9.79,4.287,3.341,5.224,15.588,5.66,8.708,5.172,7.514,0,6.685,11.979,12.317,5.538,8.94,10.502,6.25,4.36,0,7.965,10.067,8.8,7.747,11.37,5.519,10.902,10.037,7.059,20.561,4.685,5.625,3.226,5.866,4.795
"2019-10-26",8.421,8.209,6.918,5.67,5.441,16.138,5.405,10.954,6.43,9.494,0,9.265,8.333,9.226,6.69,8.244,10.363,5.392,5.158,0,6.731,11.328,6.838,7.061,10.241,6.061,11.111,10.526,5.574,17.333,5.932,6.939,4.63,4.948,5.402
"2019-10-27",11.351,15.894,7.52,5.993,6.855,16.712,8.163,10.092,5.87,11.986,0,11.429,14.815,11.28,10,7.576,11.386,7.589,5.502,0,6.608,14.13,12.409,10.086,11.602,6.36,12.605,12.891,10.28,13.253,7.184,8.723,5.118,6.522,5.487
"2019-10-28",10.728,7.692,5.538,3.426,3.424,17.181,8.333,9.669,4.183,6.414,0,11.823,13.025,9.418,8.333,7.96,12.245,8.582,4.568,0,8.915,11.467,15.541,10.636,13.753,6.971,11.245,7.645,7.945,15.179,4.741,6.538,2.878,4.691,4.55
"2019-10-29",7.729,7.692,4.521,4.772,4.018,12.212,9.091,9.329,3.622,8.414,0,8.418,11,9.043,5.954,7.871,17.593,10.599,4.692,0,8.92,10.289,9.091,8.378,12.74,6.918,7.759,7.362,7.235,18.557,4.51,2.49,2.206,3.09,4.585
"2019-10-30",8.78,9.032,5.809,4.494,4.06,18.932,6.122,9.877,4.867,5.572,0,8.914,11.765,8.767,6.308,7.847,13.725,5.983,4.194,0,7.212,11.573,9.868,6.858,9.375,4.808,9.202,6.007,2.721,11.458,5.508,4.255,5.159,5.382,5.137
"2019-10-31",7.653,6.04,3.509,3.875,4.259,13.408,10.811,6.545,4.218,10.563,0,9.192,11.351,6.897,6.852,6.757,7.692,2.917,4.708,0,7.853,10.653,11.511,6.533,8.767,3.333,7.968,8.24,4.545,14.103,4.513,5.349,5.285,3.904,4.881
"2019-11-01",8.205,10.39,5.467,4.318,5.873,15.405,19.444,11.146,4.018,12.226,0,7.407,10.929,9.968,7.209,5.714,6.667,6.809,4.004,0,6.329,11.897,12.403,7.287,10.437,7.905,8.571,7.531,8.06,17.647,5.236,4.348,3.734,3.38,4.139
"2019-11-02",7.843,11.765,5.569,5.396,4.63,16.758,4.878,9.932,4.393,16.054,0,10.87,18.125,8.911,8.733,9.645,8.173,7.075,5.709,0,9.05,10.769,19.424,7.154,10.44,8.582,13.216,8.155,10.903,17.105,5.914,4.977,7.57,5.042,6.167
"2019-11-03",10.891,16.374,6.73,5.201,6.412,18.011,12.5,10.561,7.661,13.176,0,8.14,12.371,10.526,8.255,10.684,6.818,6.809,7.174,0,9.914,12.448,11.538,8.285,11.429,7.333,12.245,8.856,7.164,22.727,7.339,6.231,7.895,4.852,6.087
"2019-11-04",8.907,10.059,5.895,4.334,5.563,13.684,7.843,9.783,5.954,10.942,0,10.881,11.538,8.31,6.711,7.82,10.753,8.835,5.913,0,6.303,13.467,9.934,8.938,13.73,5.638,12.203,8.844,10.486,23.77,5.161,5.851,5.965,4.724,5.781
"2019-11-05",12.935,13.125,5.64,4.571,5.31,13.198,17.949,10.951,5.219,12.329,0,9.115,11.111,11.635,6.687,6.842,9.205,7.265,5.396,0,7.843,12.264,12.162,9.029,10.468,4.601,12.749,8.214,7.784,20.952,5.165,5.344,4.508,5.793,5.346
"2019-11-06",11.157,10.526,7.052,4.535,3.892,14.382,4.444,13.428,5.157,11.808,0,8.146,9.341,9.302,6.2,7.833,8.889,4.63,4.67,0,8.242,10.175,9.396,9.224,14.044,7.273,12.261,5.797,5.09,21.739,5.653,6.213,3.057,2.949,5.791
"2019-11-07",9.645,11.875,5.251,3.394,4.032,15.441,3.846,8.738,5.227,12.639,0,9.357,8.756,8.696,7.402,8.217,12.987,5.66,4.464,0,4.233,9.748,10.458,7.567,9.117,7.74,9.524,5.535,10,26.984,5.125,4.204,5.677,3.235,5.176
"2019-11-08",9.906,8.642,6.25,4.525,3.974,14.557,2.222,11.607,3.386,9.365,0,7.163,3.867,9.155,6.079,8.429,8.3,7.692,4.74,0,7.306,11.041,10.989,7.428,11.37,5.825,16.594,7.914,8.869,14.851,5.171,3.352,7.556,3.399,6.15
"2019-11-09",7.735,14.286,8.917,7.032,4.662,16.035,7.317,11.525,5.467,6.367,0,9.206,13.953,11.439,7.313,10.85,14.063,5.778,6.53,0,12.5,12.552,11.881,9.744,11.782,6.13,13.235,11.111,6.78,22.222,6.025,5.263,6.103,6.545,4.557
"2019-11-10",12.5,7.65,8.78,6.295,6.912,21.598,20,10.836,5.319,17.77,0,10.256,13.5,15,7.655,11.029,15.166,7.111,7.008,0,13.613,13.869,8.844,9.97,13.776,6.198,15.936,8.148,12.052,12.5,7.242,6.162,5.556,4.932,7.486
"2019-11-11",5.641,16.265,5.296,5.943,4.18,18.616,11.628,9.177,5.495,13.869,0,8.309,13.5,6.863,7.077,10.159,8.791,7.175,6.042,0,8.081,15.287,11.765,8.277,12.99,6.032,13.672,11.111,8.964,23.478,5.503,4.222,6.723,2.564,5.166
"2019-11-12",15.271,8.442,4.623,4.572,4.5,16.129,11.475,10.702,4.294,6.137,0,7.485,14.211,8.446,6.088,6.237,9.244,5.485,4.757,0,3.684,13.665,10.274,7.036,8.786,7.5,9.639,4.545,7.164,25.472,4.638,6.011,5.462,4.399,5.629
"2019-11-13",9.211,8.025,6.424,3.546,4.058,13.869,6.25,9.236,5.297,12.195,0,13.081,14.146,9.81,5.426,10.526,12.832,7.489,4.098,0,4.412,12.914,15.108,8.202,13.784,8.73,6.015,8.271,5.422,20,5.018,4.392,3.137,3.896,5.439
"2019-11-14",11.675,11.409,6.575,4.119,2.76,18.501,15.385,9.091,5.123,10.333,0,7.645,15.135,6.767,5.547,8.84,8.929,5.093,5.545,0,9.804,13.75,23.404,6.297,7.163,5.155,10.487,6.923,5.09,18.557,4.895,4.323,4.701,6.628,4.841
"2019-11-15",7.407,11.95,7.939,4.666,4.174,16.706,12.121,9.622,4.185,11.881,0,9.827,10.55,8.562,6.902,8.159,10.917,6.278,4.019,0,6.481,11.847,15,8.175,10.39,7.667,11.636,9.16,6.567,17.978,5.577,3.274,5.195,4.683,5.087
"2019-11-16",9.744,10.692,7.783,6.159,7.191,15.32,11.111,13.585,6.306,15.217,0,8.633,12.291,9.274,6.014,9.213,9.615,7.798,6.379,0,5.769,12.891,9.836,8.04,13.12,8.059,11.607,11.067,7.295,16.176,6.397,6.645,9.459,6.183,6.569
"2019-11-17",8.205,12.782,8.48,6.8,7.547,20.391,10.87,10.645,6.561,10.588,0,9.061,12.698,15.652,9.444,11.992,10.549,6.771,7.194,0,7.373,9.339,24.277,9.19,11.681,7.692,10.101,10.526,12.102,12.222,7.131,5.864,6.667,6.46,6.705
"2019-11-18",5.306,12.155,6.809,4.954,4.255,15.88,7.895,8.815,4.79,12.693,0,9.6,5.714,9.735,5.915,8.007,10.265,4.878,5.417,0,7.614,13.953,12.139,7.799,11.99,4.891,13.235,8.667,8.732,18,5.083,3.125,4.286,4.63,4.6
"2019-11-19",8.763,11.364,8.288,3.712,5.547,16.977,12.195,8.251,4.681,9.524,0,10.644,5.714,7.12,6.25,9.643,11.032,7.258,4.613,0,7.175,11.409,16.552,6.763,9.574,5.536,10.83,7.807,7.493,16.216,5.336,5.655,6.429,3.315,4.956
"2019-11-20",10.294,10.884,7.67,3.167,4.407,18.578,11.111,9.821,4.564,12.141,0,10.682,9.605,9.722,7.425,6.783,10.044,7.763,5.383,0,4.688,11.986,12.179,7.44,10.638,4.167,9.231,6.202,6.215,16.19,5.505,5.962,7.451,6.301,4.413
"2019-11-21",9.479,7.639,5.872,4.886,5.818,16.667,7.895,7.184,4.85,10.631,0,8.657,12.626,6.977,6.119,6.934,5.761,6.842,5.596,0,7.426,12.715,7.971,6.221,11.587,6.643,11.905,7.168,6.09,17.544,5.139,4.974,6.667,2.941,5.573
"2019-11-22",6.167,12.102,5.641,4.386,3.661,16.486,8.108,11.748,6.335,13.125,0,8.672,12.183,10.069,10.541,7.294,7.347,6.5,5.745,0,4.813,11.684,7.407,6.961,9.901,5.068,10.7,7.955,8.772,10,4.789,4.878,7.063,6.702,5.305
"2019-11-23",11.23,11.111,7.105,5.245,6.909,22.543,0,8.696,6.338,13.308,0,6.863,14.607,12.851,8.703,10.232,12.946,9.179,5.86,0,7.538,12.653,4.762,9.37,10.811,8.118,10.825,7.004,10.877,15.854,6.26,6.433,8.19,6.685,5.676
"2019-11-24",11.518,13.873,11.62,6.481,6.22,15.608,6.061,12.1,6.226,13.428,0,9.012,10.989,11.032,8.321,9.925,10.222,6.075,6.261,0,10.748,13.9,11.304,10.445,16.12,6.391,15.063,11.111,8.485,18.889,8.06,6.377,9.96,4.509,7.895
"2019-11-25",12.987,11.795,7.591,5.226,5.313,16.963,9.375,7.084,6.193,8.978,0,9.231,10,11.978,6.649,7.958,8.834,8.097,6.488,0,6.024,13.372,9.554,8.101,14.978,8.023,11.905,7.669,4.891,19.048,6.861,4.961,8.679,4.651,5.362
"2019-11-26",9.545,14.516,4.286,4.71,4.118,19.635,13.889,7.514,6.349,10.963,0,9.511,8.205,9.091,6.199,8.923,11.2,8.714,5.021,0,12.442,13.428,11.801,10.027,11.576,5.882,9.921,7.774,7.055,13.462,6.268,6.215,4.965,3.723,6.061
"2019-11-27",9.217,13.836,6.457,3.226,5,22.115,11.364,10.356,7.424,10.811,0,11.42,9.633,11.218,8.011,8.277,15.64,6.829,4.066,0,6.818,12.759,9.929,7.206,10.209,9.583,8.293,8.247,7.339,19.178,5.403,5.479,5.682,4.558,5.367
"2019-11-28",10.377,7.104,6.655,5.809,5.76,19.734,9.756,9.649,7.456,11.356,0,8.735,11.905,9.934,6.79,6.399,11.207,6.637,5.249,0,6.25,9.635,10.345,9.306,11.392,7.801,7.246,6.115,5.825,4.878,5.612,5.828,8.23,4.871,6.667
"2019-11-29",8.293,10.667,9.055,4.68,5.6,17.662,9.375,6.419,7.095,10.299,0,9.907,13.068,10.231,7.739,7.724,6.967,5.505,5.215,0,10.714,12.671,6.569,7.335,12.262,8.487,8.98,12.195,8.219,20.213,5.862,4.294,5.932,5.362,5.478
"2019-11-30",15.761,9.091,9.847,6.577,6.724,14.286,12.195,9.363,7.973,9.804,0,7.432,13.376,14.815,8.528,10.139,11.374,5.189,6.352,0,5.14,11.462,11.966,11.509,12.621,6.92,9.524,17.308,5.941,10.714,8.13,8,11.111,4.462,7.213
"2019-12-01",9.756,9.877,10.136,7.44,6.015,19.079,18.519,11.392,9.931,13.242,0,9.643,10.067,13.655,6.724,11.623,7.93,6.593,6.287,0,13.158,15.164,11.111,10.294,8.929,9.13,12.393,11.354,13.057,10,7.99,6.579,7.328,9.214,7.134
"2019-12-02",8.861,9.032,8.039,5.957,5.723,19.778,8.163,8.282,7.66,6.835,0,7.514,8.333,7.5,7.826,8.156,6.349,3.83,6.449,0,6.667,11.421,11.95,8.192,13.333,6.27,11.151,9.302,6.461,10.204,6.593,5.07,4.688,5.898,6.067
"2019-12-03",9.626,12.338,8.524,6.397,5.152,16.327,0,10.592,4.386,10.265,0,7.645,9.406,7.895,7.11,10.142,10.821,5.263,5.263,0,5.825,12.844,9.868,6.609,11.198,7.823,11.189,11.029,6.044,10.101,6.057,4.822,7.143,4.624,5.677
"2019-12-04",9.009,9.756,6.419,4.934,6.977,20.102,8.333,11.075,4.574,12.057,0,6.269,14.904,8.94,7.132,6.295,8.88,6.881,5.205,0,7.463,12.937,8.029,9.228,12.745,4.762,9.843,9.225,6.369,12.121,7.18,4.611,7.563,4.644,5.062
"2019-12-05",6.091,12.5,8.703,6.257,5.539,14.177,15.556,9.385,5.138,12.5,0,8.358,13.397,8.761,7.74,9.958,11.417,6.466,6.037,0,6.22,9.539,12.162,6.657,12.407,7.865,9.811,6.844,8.116,7.619,5.444,5.149,7.787,4.956,6.488
"2019-12-06",11.504,11.842,6.742,4.27,6.518,13.869,18.367,10.14,6.197,11.197,0,8.553,11.558,10.963,6.129,6.09,9.871,7.456,6.636,0,7.471,12.027,16,7.79,13.568,7.937,9.665,11.896,9.51,12.121,7.215,5.491,6.034,5.028,6.491
"2019-12-07",6.701,16.084,9.007,5.663,7.293,16.758,11.429,11.567,7.658,10.976,0,9.524,13.58,16.872,11.327,10.02,15,6.944,7.259,0,14.286,8.607,14.912,8.531,13.477,6.356,8.696,11.741,7.663,11.842,7.86,6.667,8.696,5.391,7.657
"2019-12-08",14.872,11.392,11.986,8.814,8.258,21.563,24.138,9.091,8.876,8.904,0,12.579,15.238,10.14,10.859,10.866,13.615,7.96,7.516,0,11.702,11.715,8.85,12.209,15.746,6.375,14.159,14.179,8.669,28.049,8.311,6.725,7.722,7.303,8.078
"2019-12-09",12.444,7.027,8.517,6.554,6.224,20.49,19.048,12.042,5.263,12.913,0,11.929,10.145,9.091,8.571,6.724,12.937,8.097,6.612,0,7.175,12.709,10.968,9.262,14.945,7.492,12.676,8.738,6.129,15.625,7.171,4.485,6.884,5.386,7.278
"2019-12-10",15.166,10.405,8.363,6.448,3.082,17.38,8.333,9.748,5.35,8.481,0,10.826,14.679,6.383,7.344,10.791,9.677,8.911,6.998,0,8.333,10.623,10.345,8.904,14.059,5.072,8.974,7.447,7.767,17.857,5.777,7.588,4.38,8.146,6.303
"2019-12-11",12.195,9.554,9.294,6.572,5.024,16.71,6.818,10.592,5.992,7.77,0,5.782,12.707,9.904,9.105,8.935,8.943,6.637,5.936,0,4.926,12.329,16.667,7.862,11.192,8.24,11.404,8.108,8.333,16.667,6.455,5.202,5.761,5.215,7.432
"2019-12-12",11.443,16.049,11.234,5.435,5.837,16.386,15.385,8.411,5.253,10.305,0,9.61,11.675,8.638,8.296,9.213,8.333,7.96,6.096,0,6.417,15.987,16.312,10.196,15.464,5.882,8.051,9.247,6.007,9.901,6.538,7.669,4.184,7.733,6.798
"2019-12-13",11.737,13.836,8.787,4.509,6.195,16.5,25.714,7.407,5.49,9.772,0,10.241,15.349,10.645,9.914,10.018,10.593,6.977,6.975,0,4.878,9.247,11.719,10.373,15.96,6.92,5.581,10.356,6.135,11.688,7.623,5.337,6.838,6.25,7.577
"2019-12-14",11.538,15.753,9.195,7.127,7.383,19.189,10.345,10.425,6.904,12.185,0,11.34,14.356,14.909,9.006,12.738,14.932,6.122,8.514,0,12.234,11.504,22.857,9.873,14.943,5.376,14.655,13.23,9.396,14.141,8.36,7.45,6.393,2.344,7.622
"2019-12-15",15.217,12.281,12.095,6.925,6.447,24.279,16.667,17.007,9.363,12.857,0,8.088,15.591,19.331,12.31,12.007,9.953,6.404,10.191,0,12.022,16.064,11.364,15.008,21.13,8.148,11.165,12.644,10.69,14.286,8.879,9.459,8.462,5.938,9.307
"2019-12-16",15.021,10.995,7.825,7.58,7.152,15.983,10.638,12.629,4.771,9.509,0,12.903,16.438,13.183,9.429,12.417,13.704,8.264,7.009,0,4.444,13.714,8.784,11.709,11.722,5.155,12.704,11.502,8.287,8.738,6.736,6.118,7.167,4.663,7.074
"2019-12-17",7.042,14.189,7.445,7.468,5.441,16.055,14.583,12.938,6.77,9.831,0,10.334,12.183,14.041,9.249,10.497,12.167,7.921,5.088,0,8.097,16.667,16.766,9.873,15.718,7.38,13.559,14.417,10.356,23.729,6.921,7.225,8.088,7.45,8.283
"2019-12-18",20.833,10.241,9.677,5.307,6.269,17.808,17.021,8.754,8.898,12.409,0,12.188,13.265,15.461,10.351,10.626,16.327,7,6.114,0,8.065,16.797,12.5,11.545,15.733,6.343,10.385,11.811,9.756,20.37,7.108,5.172,10.823,4.905,6.167
"2019-12-19",13.084,13.636,10.601,4.994,5.506,22.096,25.641,11.824,6.695,15.261,0,10.476,17.259,14.567,8.61,8.679,8.824,9.565,6.51,0,7.345,14.379,15.278,9.936,19.059,8.118,15.351,10.277,8.599,22.34,7.939,5.391,7.018,4.076,7.271
"2019-12-20",12.042,14.198,8.233,5.725,5.207,21.09,19.048,12.141,7.609,12.795,0,9.699,12.5,13.596,8.721,9.874,18.182,10.309,6.571,0,13.208,14.179,14.179,13.343,13.636,8.364,11.284,14.074,11.42,15.854,8.022,7.629,10.976,7.042,6.515
"2019-12-21",20.305,22.857,12.136,8.333,9.104,19.194,13.333,15.534,9.961,16.667,0,12,20,18.794,10.268,15.451,23.148,9.524,7.232,0,14.286,12.971,12.143,13.464,16.08,6.867,16.444,13.258,13.932,15.909,9.949,9.483,10.3,8.086,7.7
"2019-12-22",18.947,28.235,15.273,8.324,9.72,21.647,14.815,15.43,10.247,20.979,0,12.329,18.455,15.789,17.443,13.997,18.367,13.136,10.211,0,13.551,12.274,23.077,16.576,22.838,7.719,15.517,12.414,13.218,20.388,11.349,9.115,11.806,9.14,11.704
"2019-12-23",12.987,18.675,12.5,7.329,10.014,21.399,12.245,19.459,8.942,13.333,0,14.248,18.502,15.06,12.933,11.314,16.452,11.847,7.834,0,8.621,18.466,26.627,16.484,16.444,10.334,12.774,11.31,8.078,15.741,9.507,9.63,12.013,6.944,8.824
"2019-12-24",15.92,12.791,12.04,8.69,12.936,21.774,8,12.969,11.22,14.228,0,13.443,20.635,18.089,13.037,12.793,17.734,13.043,10.025,0,12.791,12.705,21.622,14.809,20.963,5.976,14.286,10.7,11.636,16.129,11.969,13.804,10.628,9.632,11.247
"2019-12-25",20,21.29,16.473,11.862,16.957,16.883,11.111,18.182,13.514,16.525,0,15.58,20.994,13.41,18.266,16.471,24.176,13.889,12.858,0,16.575,8.571,21,19.275,16.828,13.656,8.966,15.385,16.342,22.414,14.725,14.124,13.063,10.497,14.801
"2019-12-26",26.493,19.271,14.408,14.808,17.192,23.556,15.385,19.794,12.834,19.427,0,17.63,21.825,23.899,21.002,17.857,21.612,16.883,14.237,0,16.803,17.208,19.868,17.064,26.282,9.265,17.647,18.038,15.561,28.09,17.497,14.217,15.771,11.921,13.857
"2019-12-27",15.884,16.908,13.037,8.414,12.42,24.482,10.417,16.798,11.755,18.182,0,17.391,23.605,16.138,12.929,16.297,18.272,14.662,10.189,0,15.294,16.185,15.287,18.266,17.611,10.557,14.141,16.508,11.765,15.789,13.507,10.526,8.966,8.115,13.906
"2019-12-28",21.488,21.965,11.162,11.178,9.724,22.757,18.182,20.728,8.077,21.6,0,13.03,25.108,16.933,12.153,13.488,21.269,12.097,10.765,0,19.679,21.812,16.561,17.813,23.27,9.059,13.768,14.423,12.903,20.909,12.141,13.176,12.324,8.447,15.257
"2019-12-29",17.241,18.539,14.855,8.923,15.949,26.442,22.222,23.12,11.575,23.81,0,14.815,25.101,20.615,20.123,15.111,19.173,6.436,11.267,0,15.079,17.208,23.026,17.742,19.124,8.333,16.742,17,13.738,27.273,15.983,13.542,14.437,15.529,15.391
"2019-12-30",16.835,18.227,12.865,9.923,8.866,21.926,19.608,16.033,8.276,14.243,0,16.304,23.109,18.567,14.251,15.552,17.406,12.676,8.973,0,11.682,15.476,13.907,13.44,17.576,9.589,13.359,11.824,11.64,21,12.319,9.406,9.474,8.061,10.06
"2019-12-31",16,18,12.035,8.894,12.539,24.697,10,20.745,11.943,16.817,0,13.699,18.75,23.397,16.286,14.472,13.653,7.917,10.081,0,11.94,18.845,17.266,16.552,26.055,10.39,18.443,9.712,10.398,23.762,10.54,9.038,12.34,8.163,13.026
"2020-01-01",25.62,23.889,15.62,14.039,13.248,25.815,23.81,23.795,12.96,19.591,0,18.182,21.121,22.289,17.862,19.533,20.307,10.569,11.17,0,18.672,13.971,24.37,18.7,23.49,9.966,18.304,18.543,16.927,21.505,14.777,11.486,17,12.615,15.009
"2020-01-02",13.619,19.397,13.704,8.387,10.997,22.684,11.628,17.866,10.777,20.541,0,13.52,19.915,19.2,16.391,13.063,15.938,19.124,9.085,0,15.769,18.338,22.807,14.351,17.089,9.524,14.423,14.462,14.727,21.667,11.374,10.909,13.806,7.619,12.974
"2020-01-03",14.902,16.575,10.134,6.513,11.66,23.901,11.765,17.857,6.576,17.956,0,14.099,18.577,18.499,13.945,15.241,14.511,15.294,9.215,0,13.725,17.473,19.277,12.7,20.86,10.106,15.05,11.079,12.178,17.347,10.235,11.058,8.803,6.667,9.972
"2020-01-04",12.919,14.607,11.022,10.581,10.705,29.613,13.636,22.881,12.426,15.534,0,11.854,24.444,17.629,15.789,15.526,23.759,15.83,9.166,0,16.3,13.468,12,17.38,16.553,8.438,17.826,19.795,13.687,28.049,13.371,10.986,8.127,6.933,12.695
"2020-01-05",16.81,25,9.744,8.352,10.83,26.667,21.622,23.392,11.342,20.859,0,14.196,25.532,17.042,15.23,14.63,15.498,13.655,10.442,0,13.525,19.244,12.03,16.581,20.863,10.631,16.239,13.141,14.324,15.152,12.202,12.84,13.91,9.645,11.45
"2020-01-06",19.328,14.894,4.975,8.037,7.079,19.583,5.128,12.737,7.679,14.627,0,10.723,15.164,11.613,10.988,12.5,15.278,14.074,7.035,0,9.649,15.531,18.121,12.114,15.541,6.936,11.722,13.15,7.735,14.953,8.303,8.108,9.541,6.65,10.019
"2020-01-07",15.652,18.182,9.151,6.445,8.647,22.34,8.824,12.085,6.483,16.718,0,12.195,16.239,12.979,9.174,9.564,15.901,11.364,8.491,0,11.22,13.405,11.184,12.204,15.873,9.174,11.419,10.417,8.908,34.177,8.302,6.46,11.852,4.595,8.592
"2020-01-08",11.927,11.351,10.932,4.61,6.101,17.15,9.756,12.052,4.677,11.475,0,8.455,19.171,8.889,8.676,10.038,13.585,10.959,7.28,0,10.046,13.11,14.557,12.424,11.392,10.922,12.406,6.475,7.74,17.391,8.716,5.556,4.858,4.857,7.709
"2020-01-09",10.096,11.864,6.295,5.435,9.006,20.37,15.789,8.788,6.342,10.145,0,10.065,11.872,12.5,9.649,9.594,11.896,12.217,7.378,0,8.901,19.591,12.5,13.258,12.958,6.463,13.08,8.871,7.325,20.619,8.401,5.846,7.317,4.399,6.754
"2020-01-10",12.069,13.559,9.397,6.552,8.61,21.64,3.03,14.329,5.2,13.653,0,13.661,18.468,10.764,11.437,12.245,15,11.65,6.255,0,9.137,12.621,13.768,13.573,13.915,8.036,11.194,10.753,8.883,10.909,8.359,8,7.203,4.399,7.048
"2020-01-11",16.5,15.447,11.567,5.31,7.438,21.166,13.043,15.932,8.485,13.281,0,8.882,11.538,14.51,12.135,13.985,14.904,12.393,7.881,0,10.244,16.981,14.706,11.967,10.178,7.826,11.739,11.373,13.201,15.909,9.16,7.31,13.853,6.684,8.513
"2020-01-12",9.05,14.57,10.208,6.02,9.051,17.988,22.222,13.699,8.016,9.375,0,12.131,15.152,16.372,11.51,11.172,15.111,14.141,9.046,0,9.794,15.472,11.458,12.871,12.754,9.717,11.364,12.44,11.688,17.105,9.922,5.882,11.304,8.523,8.615
"2020-01-13",12.037,13.725,8.079,5.711,8.827,14.935,10,10.057,5.315,13.725,0,15.345,12.821,12.422,10.263,12.174,17.264,9.091,7.885,0,6.25,16.713,7.742,11.796,13.017,10.51,16.207,6.645,7.813,22.727,8.643,5.181,8.209,5.128,8.131
"2020-01-14",10.044,17.204,7.455,5.936,8.371,12.727,14.706,11.218,5.934,15,0,8.564,17.13,10.175,10.137,10.881,13.978,9.813,7.27,0,9.043,16.038,9.396,11.036,12.276,7.074,12.549,11.538,8.05,13.978,7.257,6.15,9.274,5.866,7.489
"2020-01-15",10.619,10.556,7.652,5.238,7.994,22.695,3.125,13.312,8.532,14.679,0,10.496,13.393,10.853,9.235,9.564,21.642,15.284,6.784,0,9.392,13.333,5.042,8.571,13.176,6.757,10.983,7.194,8.671,15.385,7.322,3.9,9.717,8.421,6.979
"2020-01-16",12.381,15.429,7.649,5.426,5.865,14.362,11.111,8.125,2.626,12.5,0,10.145,12.5,7.631,7.38,10.204,20.513,15.814,5.914,0,13.298,14.286,12.698,9.036,13.418,8.394,15.873,12.644,11.392,14.953,6.058,7.165,5.505,5.215,7.037
"2020-01-17",8.333,10.465,7.301,5.296,8.044,18.717,10.256,10.82,4.412,14.901,0,12.462,15.459,12.857,10.583,8.987,15.301,17.5,6.835,0,9.896,14.379,5.085,9.88,11.357,7.018,10.9,12.451,8.798,22.105,6.971,6.443,8.252,5.525,8.444
"2020-01-18",15.73,11.18,6.574,6.586,5.474,17.466,14.286,14.218,5.747,16.102,0,12.393,18.462,11.765,10.396,13.618,20,10.837,6.491,0,9.77,14.286,16.092,11.918,17.857,7.373,15.625,11.429,9.665,17.5,9.333,9.783,8.374,7.987,7.692
"2020-01-19",15.122,12.587,8.738,6.486,7.929,20.062,15.625,16.561,7.789,19.444,0,10.256,18.378,15.357,11.649,10.902,22.222,18.182,7.885,0,13.99,12.4,10.435,13.333,17.291,8.468,16.583,12.236,12.979,16.667,9.545,7.353,9.167,8.683,6.915
"2020-01-20",10.092,13.904,8.426,6.099,7.08,17.025,17.949,9.61,7.6,12.303,0,12.869,12.719,9.241,11.358,9.859,18.493,9.266,6.612,0,9.184,16.279,3.571,11.837,13.126,5.722,12.014,8.464,11.699,23.585,6.748,5.102,6.391,7.88,5.857
"2020-01-21",10.744,11.515,7.254,5.747,7.508,17.084,22.449,10.21,4.812,13.805,0,10.334,10.05,9.967,9.396,7.516,14.232,13.426,5.189,0,10.825,19.558,7.042,10.606,14.734,8.17,14.567,11.236,10.744,21.818,6.942,7.303,6.224,5.817,6.734
"2020-01-22",12.185,15.06,7.452,5.598,7.803,16.589,13.514,10.606,6.25,16.447,0,11.892,13.433,10.811,7.784,11.388,19.164,10.359,7.014,0,8.219,18.79,10.811,9.957,7.654,9.622,11.923,10.526,10.526,19.048,5.994,7.552,6.195,5.04,6.467
"2020-01-23",12.621,10.976,6.25,4.561,7.535,18.703,15.152,10.508,6.151,12.78,0,10.644,20.283,12.252,9.538,7.763,12.45,8.537,7.211,0,10.833,16.923,7.586,8.908,12.968,12.063,14.754,10.69,9.971,25.217,7.3,10.638,5.419,5.634,9.313
"2020-01-24",11.712,14.368,7.483,5.122,4.63,15.496,16.364,12.963,7.466,13.287,0,11.634,14.778,10.462,11.478,11.24,14.458,12.134,7.107,0,15.764,12.857,11.034,8.097,18.598,10.473,19.592,6.452,9.718,18.557,6.821,6.646,8.108,6.793,4.73
"2020-01-25",12.435,18.792,9.291,6.522,7.414,15.819,10.526,14.184,8.506,14.655,0,8.594,12.808,10.993,10.029,11.883,15.702,10.345,5.299,0,10.811,14.433,9.709,11.921,12.094,8.14,15.068,12.444,13.031,15.294,8.211,6.105,7.424,6.628,7.728
"2020-01-26",13.483,12.755,13.478,8.899,9.688,16.338,10.714,16.452,9.865,15.068,0,13.462,14.155,17.279,12.8,15.826,20.165,16.038,8.663,0,13.462,17.057,6.087,13.499,17.661,9.428,18.421,12.5,11.976,24.779,10.709,11.326,10.213,8.219,9.977
"2020-01-27",10,12.36,10.398,6.95,8.089,18.493,11.111,13.611,9.316,14.33,0,13.472,15.289,16,10.12,11.532,18.621,12.033,5.906,0,8.52,18.767,12.179,10.056,10.8,13.864,18.056,12.715,14.247,19.298,8.988,7.752,10.145,5.288,7.399
"2020-01-28",15.278,16.477,8.703,6.092,10.112,22.098,6.383,16.667,6.458,14.706,0,12.869,13.248,10.403,12.806,12.341,18.391,14.41,7.583,0,7.853,16.91,7.483,9.295,17.574,11.392,17.004,11.765,9.483,19.167,9.758,5.66,8.922,6.46,9.281
"2020-01-29",9.859,14.689,10.427,5.448,8.438,13.433,12.195,12.874,8.855,11.579,0,14.088,15.301,16.434,10.741,9.37,15.116,9.705,8.816,0,9.424,17.003,10.219,10.045,15.7,10.234,16.863,10.976,11.854,27.612,8.724,7.407,10.843,8.101,6.682
"2020-01-30",10.55,15.517,8.741,5.931,5.691,15.789,18.75,11.96,9.978,15.493,0,10.571,17.143,13.869,11.971,9.874,17.082,11.215,7.7,0,11.111,17.35,10.596,7.963,12.736,8.805,10.506,6.464,11.111,24.528,7.94,9.687,7.143,5.9,8.081
"2020-01-31",14.463,13.068,6.981,6.77,6.036,15.572,16.364,12.464,9.719,11.388,0,11.748,11.111,12.375,8.559,11.034,18.919,8.85,6.589,0,12.903,17.612,15.596,9.472,13.506,12.04,12.162,13.91,11.389,24.8,7.871,4.932,8.032,5.93,7.097
"2020-02-01",19.022,14.765,7.769,5.738,8.17,15.909,13.158,14.375,8.216,15.753,0,14.642,16.489,15.942,9.291,12.652,17.46,10.959,7.35,0,11.429,16.606,6.294,10.94,15.013,10.577,13.983,14.344,11.672,27.083,8.32,8.864,10.909,9.704,9.146
"2020-02-02",12.698,13.75,10.377,7.646,8.448,18.991,10,15.571,7.082,12.245,0,15.238,16.337,16.058,14.764,11.372,22.093,13.866,7.281,0,18.483,15.719,19.492,12.422,18.394,8.562,16.807,13.027,17.16,30.928,10.779,7.547,7.018,7.838,8.837
"2020-02-03",17.625,13.772,6.24,5.895,9.453,15.551,16.667,12.387,5.671,15.591,0,15.027,13.71,12.78,8.82,9.562,16.37,9.854,6.695,0,9.174,17.367,5.263,12.189,16.052,9.917,14.527,13.636,10.924,25.62,7.343,6.143,7.837,7.194,8.114
"2020-02-04",11.556,11.111,7.547,7.01,6.536,19.393,13.793,10.059,6.613,11.333,0,12.286,9.048,16.346,9.024,10.499,15.884,12.609,5.331,0,12.322,19.663,12.805,11.674,14.063,10.602,15.094,7.292,11.343,11.818,6.586,4.826,8.065,4.274,7.329
"2020-02-05",9.091,7.407,5.873,5.463,7.407,17.275,11.905,17.91,5.908,12.381,0,12.923,10.881,13.667,10.237,7.196,15.574,7.798,4.972,0,8.756,18.293,8.108,11.679,10.976,14.107,12.741,9.968,11.816,23.529,7.701,6.952,7.018,5.764,6.289
"2020-02-06",9.5,10.063,6.977,5.502,6.393,16.958,8.824,14.968,5.66,8.621,0,10.098,10.983,14.749,8.618,9.83,14.234,13.305,5.68,0,7.027,18.827,15,8.676,15.113,9.036,13.359,7.801,10.423,22.727,7.064,6.213,5.357,5.866,6.684
"2020-02-07",12.626,11.29,7.052,4.239,4.105,18.274,5.405,13.861,6.707,17.872,0,11.037,12.444,14.98,7.345,9.449,14.235,8.936,6.536,0,10.363,15.543,12,10.309,14.554,11.726,13.768,6.25,12.647,24.074,6.384,5.689,8.621,4.348,7.213
"2020-02-08",13.568,14.286,7.94,6.863,8.711,16.374,9.091,10.169,6.931,14.683,0,16.172,10.27,17.692,10.618,14.46,14.592,11.894,5.528,0,9.89,17.692,13.636,9.794,18.912,13.074,15.678,11.628,10.21,27.174,7.77,10.479,8.837,4.696,7.293
"2020-02-09",9.804,10.738,12.072,7.259,6.623,19.757,10.526,15.194,8.085,17.188,0,12.881,19.178,13.208,9.049,13.571,21.691,12.876,6.718,0,13.171,17.347,8.85,13.244,14.975,14.879,15.612,12.992,12.941,21.359,7.345,9.117,11.373,7.084,6.375
"2020-02-10",10.638,8.861,7.244,6.136,7.563,16.331,15.556,14.417,6.844,10.703,0,15.517,14.865,9.385,9.337,10.423,15.267,9.962,5.318,0,8.837,16.667,6.707,9.517,12.581,12.166,13.652,11.273,11.899,30.935,6.191,5.836,5.119,5.455,6.029
"2020-02-11",10.849,9.333,6.762,5.151,4.341,14.815,16.667,11.215,3.803,11.273,0,8.197,14.865,13.265,9.955,8.217,13.178,8.163,4.671,0,5.587,12.921,13.014,7.153,13.333,8.117,12.941,10.774,12.754,23.276,5.502,6.232,4.889,6.648,7.197
"2020-02-12",7.246,12.987,7.81,5.172,5.429,17.674,5.405,11.726,6.928,13.284,0,6.977,10.455,10.39,8.182,8.861,12.941,8.861,6.292,0,7.512,18.529,10.714,9.407,12.927,8.084,15.638,10.204,12.428,19.469,5.869,6.425,5.2,4.816,5.972
"2020-02-13",12.077,14.465,6.705,4.988,5.528,17.067,17.073,11.364,5.66,13.058,0,10.843,12.322,9.31,6.339,9.48,13.043,11.009,6.01,0,9.268,18.937,12.414,10.558,14.286,7.458,12.302,9.302,8.385,25.773,5.344,6.094,7.627,3.989,5.21
"2020-02-14",11.823,14.368,6.166,3.968,4.417,17.549,11.429,11.111,6.25,13.008,0,12.171,14.286,12.062,8.531,9.128,19.737,5.556,5.317,0,7.609,14.851,6.767,10.39,11.695,6.333,10.373,10.081,10.938,19.149,5.546,5.523,5.634,7.278,5.163
"2020-02-15",11.538,17.333,10.326,7.068,6.891,16.828,0,10.175,6.318,11.066,0,14.126,12.707,17.375,10.673,9.14,18.571,12.346,5.174,0,10.784,16.667,6.957,10.112,10.54,8.602,18.304,10.976,9.366,27.907,5.877,7.429,7.143,6.857,5.462
"2020-02-16",13.089,15.054,10.142,7.063,6.502,17.838,8.889,11.184,7.287,19.217,0,14.154,15.64,14.089,9.465,11.879,13.061,12.554,8.455,0,17.143,20.47,14.423,9.798,18.632,9.31,15.936,11.628,16.071,19.048,6.275,8.511,7.113,7.941,9.12
"2020-02-17",15.385,17.021,12.204,7.271,7.375,17.866,13.333,14.506,9.341,17.162,0,17.252,17.489,14.563,11.621,13.735,15.19,12.602,9.399,0,13.655,20.701,12.174,13.372,18.433,14.61,18.11,14.545,16.474,26.852,7.755,9.685,8.594,8.642,8.714
"2020-02-18",11.739,14.595,7.059,5.345,6.602,12.739,11.364,10.714,5.176,11.111,0,12.466,11.255,8.833,8.889,10.631,14.912,7.807,4.899,0,9.545,17.087,11.429,8.079,14.384,5.363,14.108,9.428,12.202,14.516,5.837,4.639,7.336,4.986,6.237
"2020-02-19",9.013,17.901,8.719,5.048,5.426,16.625,7.895,13.183,4.49,13.699,0,8.523,12.15,12.829,8.631,7.774,13.672,15.164,4.124,0,9.859,20.604,6.122,9.94,10.682,8.805,16.854,6.129,8.036,22.124,5.882,4.932,4.149,3.911,6.23
"2020-02-20",12.322,7.186,5.72,5.615,4.966,16.529,9.091,11.927,5.505,10.596,0,8.978,12.017,15.254,5.674,8.037,19.469,9.722,2.796,0,9.417,14.332,14.815,9.836,12.339,8.029,14.599,8.362,9.884,19.828,5.169,4.336,4.846,3.714,4.837
"2020-02-21",8.247,12.676,8.148,5.158,6.136,15.99,9.091,10.794,4.902,10.368,0,10.355,12.088,9.79,6.808,7.985,11.017,10.573,4.699,0,10.215,16.19,14.865,11.199,16.832,7.192,18.284,8.955,8.571,13.333,5.452,4.749,5.063,6.563,5.693
"2020-02-22",8.108,15.646,8.868,4.824,4.762,15.274,6.667,10.032,4.915,13.284,0,9.81,15.934,15.719,9.486,10.545,13.397,12.5,3.785,0,10.101,15.638,18.966,8.791,12.814,9.848,17.241,7.391,10.272,18.919,5.832,8.075,6.452,6.4,6.832
"2020-02-23",13,13.376,7.313,6.691,5.614,19.643,14.286,16.34,7.056,17.057,0,5.59,12.558,14.789,13.496,11.449,12.889,12.775,6.267,0,9.434,20.702,5.833,9.94,16.262,11.765,11.983,7.692,9.27,21.212,7.234,5.898,9.717,7.242,6.572
"2020-02-24",11.483,13.812,5.873,3.878,5.739,21.399,13.158,9.73,5.829,12.581,0,13.527,10,10.324,8.719,10.261,12.95,9.562,3.814,0,6.944,16.832,11.392,7.528,13.47,8.646,12.226,7.394,10.795,22.481,5.991,8.401,7.119,4.408,6.576
"2020-02-25",12.556,10.759,7.348,4.973,4.819,16.901,12.121,7.67,5.64,10.968,0,9.065,18.182,13.121,7.458,9.233,10.163,8.621,3.943,0,7.246,18.156,11.348,9.544,13.164,6.689,11.388,7.807,11.602,19.828,5.577,5.172,10.078,4.094,6.642
"2020-02-26",12.245,8.333,7.2,5.855,5.272,15.979,3.226,11.957,4.835,9.677,0,10.682,12.755,11.111,10.392,8.801,12.613,15.044,5.091,0,6.965,16.761,9.016,9.713,12.778,7.092,14.463,6.8,13.675,27.119,6.187,6.061,5.691,3.704,7.961
"2020-02-27",9.589,14.57,4.239,6.069,6.159,15.563,10.345,10.98,5.938,9.542,0,12.853,15.73,10.448,7.603,10.413,10.891,11.842,5.222,0,4.795,16.832,18.367,9.343,11.421,11.877,12.868,5.727,13.531,14.815,6.198,5.476,6.863,4.762,5.303
"2020-02-28",6.19,10.714,7.919,4.693,6.489,19.149,16.667,7.843,5.967,13.167,0,11.897,13.065,11.379,8.32,8.64,10.46,8.594,4.238,0,9.852,12.805,12.179,8.9,11.842,10.847,11.312,7.287,11.401,18.75,6.356,7.692,4.525,3.252,8.375
"2020-02-29",13.369,10.968,5.882,8.019,5.425,15.951,17.949,10.738,5.682,10.915,0,9.416,14.211,16.892,7.78,8.587,14.141,6.944,5.309,0,8.696,15.926,17.213,9.677,14.943,9.766,15.166,9.821,10.85,18.085,7.491,7.343,9.322,6.553,9.282
"2020-03-01",11.364,15.569,9.735,8.063,5.263,21.594,20.93,16.319,7.851,17.172,0,10.127,13.089,14.716,11.656,14.525,15.068,10.526,8.185,0,8.989,13.688,13.333,9.384,12.953,10.256,20,10.823,11.648,20.652,8.105,10.063,9.362,4.942,11.203
"2020-03-02",11.429,9.615,7.292,5.204,6.835,18.269,6.522,10.894,6.96,13.846,0,8.964,12.322,11.043,8.06,7.923,10.676,9.127,7.745,0,7.944,20.442,9.804,9.987,11.916,8.657,17.197,5.735,14.481,13.281,9.018,6.595,8.224,5.303,8.758
"2020-03-03",11.765,6.548,7.955,5.338,6.29,19.471,6.122,8.36,8.544,9.524,0,12.968,10.732,11.42,9.701,10.275,11.407,8.678,5.337,0,7.87,9.034,15,7.798,11.084,9.492,13.566,6.767,8.625,22.137,8.565,6.288,7.252,4.155,7.72
"2020-03-04",7.143,8.75,6.952,5.562,5.44,15.952,7.895,8.71,7.566,8.308,0,8.857,11.33,9.365,7.692,12.963,6.855,9.091,7.505,0,7.538,13.522,9.756,7.044,11.082,12.052,14.76,9.016,10.375,15.663,8.219,5.447,8.13,5.464,9.524
"2020-03-05",7.538,12.598,7.57,5.2,4.984,15.212,15.625,9.868,7.692,10.997,0,10.778,10.048,9.286,7.37,10.208,19.111,10.784,6.279,0,6.061,10.884,10.256,10.058,11.307,4.437,12.448,7.407,11.599,25.773,7.041,7.761,8.367,6.964,7.51
"2020-03-06",12.299,10.909,9.193,6.361,7.215,17.647,3.125,9.967,5.239,15.088,0,12.428,10.152,13.149,7.751,10.256,15.574,11.111,9.647,0,10,13.761,12.258,8.902,9.873,11.228,12.448,10.108,11.006,26.437,7.649,6.048,10.078,3.933,8.188
"2020-03-07",16.583,13.376,8.627,6.755,6.282,20.944,19.355,13.879,7.919,12.355,0,9.091,14.368,13.765,9.868,12.195,9.453,8.333,9.721,0,7.429,18.021,12.5,10.604,15.839,7.38,17.143,6.897,13.166,13.095,8.717,10.984,7.442,7.53,7.813
"2020-03-08",18.286,10.778,11.61,6.011,8.251,16.667,8.333,13.732,9.513,13.514,0,11.073,13.889,10.938,10.859,13.673,14.884,9.756,8.451,0,10.66,14.232,15.323,10.859,14.93,9.962,16.41,9.205,12.621,26.087,8.136,10.044,8.738,6.061,9.959
"2020-03-09",13.42,4.795,8.333,7.219,6.484,20.726,4.762,10.651,8.386,12.303,0,14.006,7.882,11.628,9.423,12.477,15.018,6.695,11.015,0,10.86,16.802,12.258,10.847,14.833,12.195,12.403,7.333,11.559,20.619,12.179,7.88,12.03,2.03,10.441
"2020-03-10",15.068,12.27,10.118,7.604,8.919,18.018,25,12.913,7.761,16.724,0,12.387,7.282,10.033,7.47,8.656,20.084,9.35,11.16,0,9,14.194,11.475,9.384,10.742,10.345,13.992,8.594,13.291,23.596,11.755,6.92,11.25,5.541,11.946
"2020-03-11",15.271,11.95,9.965,7.791,11.443,20.524,10.417,15.123,12.393,13.605,0,9.199,10.363,8.599,9.048,11.455,17.227,9.442,15.736,0,9.852,20,8.403,10.811,12.84,13.187,13.311,7.57,11.35,19.355,14.661,8.921,17.241,7.263,13.924
"2020-03-12",14.976,15.205,19.057,14.702,18.525,21.608,25,16.409,17.204,11.722,0,16.97,15.789,15.172,12.824,12.903,22.326,14.573,22.586,0,10.326,16.327,14.912,16.591,18.473,11.28,17.188,10.821,16.612,17.204,25.168,15.177,21.6,9.145,20.943
"2020-03-13",10.929,20.809,21.341,13.531,18.828,24.806,22.857,18.352,19.385,19.92,0,19.032,13.812,15.809,17.045,19.433,19.5,12.757,24.132,0,15.882,20.213,17.164,21.659,17.612,20.455,20.93,16.942,17.46,17.442,26.873,12.442,23.348,7.317,17.46
"2020-03-14",16.556,23.485,17.872,11.433,20.075,21.613,21.622,18.376,14.365,15.578,0,17.692,15.646,16.157,16.497,17.647,16.568,10.215,18.527,0,11.111,11.828,14.444,20.155,19.375,9.504,19.512,13.065,14.602,18.293,24.801,13.033,18.462,10.032,24.328
"2020-03-15",13.423,15.385,20.32,11.167,16.318,26.347,10,24.691,12.102,17.778,0,18.727,20.144,14.583,20.484,14.797,23.226,11.236,17.548,0,17.105,17.647,13.415,18.622,18.148,11.574,22.289,21.505,13.362,27.778,23.94,12.332,15.152,10.345,22.376
"2020-03-16",17.751,18.548,17.699,12.156,18.614,19.814,22.222,18.987,14.854,15.966,0,16.912,17.262,15.354,14.859,15.439,22.051,9.195,18.844,0,20,13.309,14.563,20.513,18.612,10.952,13.551,17.427,19.273,16.049,25.911,10.026,24.887,8.997,26.882
"2020-03-17",10.833,25.424,12.468,14.84,19.462,20.578,6.667,20.588,14.61,13.99,0,18.062,14.599,18.974,15.87,11.905,20.652,6.494,19.063,0,19.847,12.048,15.116,18.127,19.444,5.699,5.202,15.544,15.419,13.235,25.454,13.283,22.527,9.79,29.653
"2020-03-18",16.279,15.455,13.333,14.087,14.133,24.107,18.182,19.095,20.37,16.176,0,16.583,17.647,17.742,18.72,13.6,20,11.465,24.492,0,15.108,10.588,21.687,18.925,22.472,11.351,14.634,17.273,12.617,17.143,27.104,13.456,19.277,8.14,23.588
"2020-03-19",9.756,9.091,13.45,11.352,16.783,16.889,6.667,12.755,11.017,10.366,0,15.493,14.516,18.135,15.328,15.625,16.667,9.934,19.929,0,11.94,13.084,17.347,20.233,20.087,13.966,14.286,16.402,11.579,18.75,24.593,10.221,8.609,9.6,20.827
"2020-03-20",18.321,19.355,16.474,12.816,12.376,18.834,22.222,14.439,17.763,18.182,0,24,12.5,12.921,18.362,15.198,18.452,9.353,16.01,0,8.108,15.707,14.103,15.725,24.28,7.813,17.241,20,12.448,20.29,23.103,11.471,14.706,8.571,25.336
